{
    "total_people": 7,
    "time_spent": {
        "1": 0.6666666666666666,
        "2": 7.599999999999983,
        "3": 1.2000000000000004,
        "4": 16.2333333333333,
        "5": 16.29999999999997,
        "6": 12.566666666666633,
        "11": 0.39999999999999997,
        "18": 3.63333333333333,
        "21": 2.7333333333333334,
        "22": 0.8666666666666666
    },
    "people_per_zone": {
        "A": 6,
        "B": 5,
        "C": 5
    },
    "avg_confidence": 0.7522230831911247,
    "avg_track_length": 186.6,
    "fps": 0.709036634112461
}